"ZIP","Borough","HousCond","Sani","NoiseResid","NoiseConst","NoiseBiz","UrbInf","Traffic","NoiseTraf","WaterSyst","ConsumProt","SocServ","IAO","EnvProt","Violation","Misdemeanor","Felony","medianInc","jlBenef"
10001,"Manhattan",15,53,37,54,16,85,22,11,22,82,10,40,11,11,191,68,58514,600
10002,"Manhattan",18,42,165,68,124,134,42,34,43,58,11,42,20,50,294,144,23217,1600
10003,"Manhattan",18,59,130,93,92,188,62,59,74,68,21,36,33,6,73,34,81530,1040
10004,"Manhattan",7,16,5,14,0,49,13,5,10,25,1,4,1,3,32,14,128571,70
10005,"Manhattan",2,9,7,23,6,38,6,13,4,8,3,3,2,3,8,8,97669,150
10006,"Manhattan",6,4,6,8,0,20,2,5,5,10,0,10,0,0,43,8,93056,60
10007,"Manhattan",20,19,19,42,3,68,6,5,7,30,1,9,1,9,35,22,185593,110
10009,"Manhattan",15,34,162,63,102,68,44,33,39,31,23,19,43,54,254,116,46931,1510
10010,"Manhattan",79,13,48,78,11,84,23,13,45,51,7,36,10,22,133,85,85334,590
10011,"Manhattan",17,74,81,97,51,230,45,23,45,55,12,41,49,34,179,97,90505,1180
10012,"Manhattan",18,42,67,58,50,79,20,35,51,38,11,24,14,9,74,50,75996,400
10013,"Manhattan",50,51,43,92,37,142,55,36,33,53,4,22,17,30,272,111,60115,410
10014,"Manhattan",15,40,66,53,39,166,25,27,30,30,13,27,18,16,148,90,93750,670
10016,"Manhattan",18,33,107,238,54,177,44,37,33,93,16,41,37,20,123,61,79156,960
10017,"Manhattan",15,17,7,76,16,80,42,10,24,46,5,16,4,2,8,9,95992,340
10018,"Manhattan",11,18,14,26,13,68,22,8,19,48,5,16,3,1,3,4,69231,220
10019,"Manhattan",15,27,56,106,45,167,39,50,28,111,12,52,29,31,107,73,76800,1090
10020,"Manhattan",5,0,0,1,1,11,1,0,1,2,0,0,0,0,0,0,NA,NA
10021,"Manhattan",10,15,43,63,27,91,36,20,10,45,12,50,25,1,2,0,96913,690
10022,"Manhattan",13,23,21,75,27,116,40,25,27,86,12,39,10,18,98,77,110248,530
10023,"Manhattan",44,25,79,89,11,145,48,26,36,44,18,57,27,28,93,53,98024,1360
10024,"Manhattan",25,33,127,28,31,74,36,30,17,34,12,53,24,3,2,5,90742,1110
10025,"Manhattan",38,28,153,63,53,66,27,32,23,47,23,44,22,25,39,25,55860,2140
10026,"Manhattan",13,19,180,23,16,34,8,60,12,14,8,13,15,39,185,64,33735,1110
10027,"Manhattan",22,31,231,10,56,52,55,60,19,36,10,11,25,55,317,93,29808,1520
10028,"Manhattan",12,24,40,23,28,97,24,14,19,24,7,33,12,7,62,28,87500,780
10029,"Manhattan",13,42,191,22,38,76,36,43,21,25,15,36,21,64,316,118,25193,1950
10030,"Manhattan",9,16,152,8,7,12,14,28,14,10,6,9,16,1,25,11,24222,950
10031,"Manhattan",19,22,350,8,29,22,16,85,19,19,22,25,23,19,124,41,24113,1780
10032,"Manhattan",12,32,265,18,23,47,24,118,19,16,15,19,15,30,150,73,23243,1880
10033,"Manhattan",14,30,161,19,95,32,22,57,9,24,14,32,20,2,9,8,24333,1730
10034,"Manhattan",9,18,145,6,116,31,35,44,9,14,7,14,11,5,39,22,25182,1330
10035,"Manhattan",2,23,108,2,5,34,30,22,18,25,8,15,20,39,287,107,24819,860
10036,"Manhattan",24,32,42,85,80,106,43,22,36,84,4,25,17,58,398,255,63189,990
10037,"Manhattan",6,5,60,4,2,19,5,19,22,6,9,3,6,39,169,65,33099,700
10038,"Manhattan",41,19,30,67,4,70,23,9,7,21,2,30,14,17,60,40,57485,430
10039,"Manhattan",2,6,204,1,2,8,11,19,9,4,5,4,6,26,134,50,23951,890
10040,"Manhattan",36,18,216,5,93,15,21,97,3,8,11,6,17,35,107,60,25479,1440
10041,"Manhattan",0,0,0,2,0,0,0,0,0,0,0,0,0,0,0,0,NA,NA
10044,"Manhattan",0,1,1,0,0,5,0,0,2,2,5,0,2,1,1,1,55952,150
10045,"Manhattan",0,0,0,0,0,0,0,0,0,0,0,0,0,0,1,1,NA,NA
10048,"Manhattan",0,0,0,0,0,4,1,0,0,4,0,0,0,0,0,0,NA,NA
10065,"Manhattan",10,16,18,52,44,52,17,11,27,39,17,19,25,19,119,82,92955,450
10069,"Manhattan",0,0,7,1,0,1,9,0,0,3,1,6,2,5,14,4,174038,90
10075,"Manhattan",6,11,25,21,12,49,13,10,10,22,1,19,11,12,72,55,90981,410
10103,"Manhattan",0,0,0,0,0,2,0,0,0,1,0,0,0,0,5,1,NA,NA
10107,"Manhattan",0,0,0,0,0,0,0,0,0,0,0,0,0,0,8,1,NA,NA
10111,"Manhattan",0,0,0,0,1,1,0,0,0,0,0,0,0,0,0,0,NA,NA
10112,"Manhattan",0,0,0,0,0,0,0,0,0,2,0,0,1,0,0,1,NA,NA
10118,"Manhattan",0,0,0,0,0,0,0,0,0,0,0,0,0,2,3,1,NA,NA
10119,"Manhattan",0,0,0,0,0,1,0,0,1,0,0,0,0,0,23,7,NA,NA
10121,"Manhattan",0,0,0,0,0,0,0,0,0,0,0,0,0,1,4,6,NA,NA
10128,"Manhattan",11,19,86,29,35,65,28,25,22,35,7,23,36,10,57,40,78357,1170
10162,"Manhattan",0,0,1,2,0,0,0,0,0,0,0,0,0,0,1,0,152632,0
10167,"Manhattan",0,0,0,0,0,0,0,0,0,0,0,0,0,0,0,2,NA,NA
10170,"Manhattan",0,0,0,0,0,0,0,0,0,0,0,0,0,1,0,1,NA,NA
10172,"Manhattan",0,0,0,0,0,0,0,0,0,0,0,0,0,1,2,1,NA,NA
10178,"Manhattan",0,0,0,0,0,0,0,0,0,0,0,0,0,0,1,0,NA,NA
10203,"Manhattan",0,0,0,0,0,0,0,0,0,0,0,0,0,1,1,0,NA,NA
10259,"Manhattan",0,0,0,0,0,0,0,0,0,0,0,0,0,0,0,1,NA,NA
10278,"Manhattan",0,0,0,0,0,0,0,0,0,0,0,0,0,2,3,2,NA,NA
10280,"Manhattan",8,2,7,2,0,6,6,3,0,3,0,2,2,1,1,4,124370,160
10281,"Manhattan",0,0,1,0,0,1,0,2,0,1,0,0,0,2,0,1,NA,NA
10282,"Manhattan",1,0,4,7,0,0,4,3,0,4,0,0,1,1,3,3,NA,60
10301,"Staten Island",6,71,62,0,5,64,66,8,77,8,8,31,43,28,93,31,39562,910
10302,"Staten Island",0,31,26,3,1,35,23,2,33,4,3,10,13,4,25,13,32514,400
10303,"Staten Island",0,55,41,1,2,32,54,7,34,9,3,13,13,11,31,11,30249,660
10304,"Staten Island",5,55,65,3,19,77,52,3,65,3,0,19,36,22,73,24,33205,970
10305,"Staten Island",3,82,33,6,2,90,69,4,86,3,3,34,62,49,158,57,42462,1070
10306,"Staten Island",8,77,53,7,5,180,59,6,119,8,8,36,102,40,111,54,49248,1560
10307,"Staten Island",0,15,14,1,9,33,15,2,6,1,1,12,28,15,20,9,58642,380
10308,"Staten Island",3,40,16,0,3,79,26,3,36,3,1,21,55,7,20,12,56439,790
10309,"Staten Island",2,53,34,4,4,89,48,2,88,3,0,23,41,23,91,36,57735,910
10310,"Staten Island",3,40,45,3,4,51,25,10,25,3,4,18,27,36,141,43,38466,560
10312,"Staten Island",2,58,45,9,4,194,95,7,94,4,0,45,194,18,77,34,57629,1700
10314,"Staten Island",11,126,58,12,4,175,142,11,146,13,7,66,96,70,286,98,48289,2160
10451,"Bronx",11,10,135,7,31,41,28,19,20,20,11,25,14,49,242,107,22524,1450
10452,"Bronx",10,19,267,3,9,37,55,32,36,17,16,12,18,35,189,81,20000,2220
10453,"Bronx",6,24,260,4,13,35,69,16,26,13,20,11,24,38,250,82,19228,2430
10454,"Bronx",9,27,69,6,5,21,24,3,23,7,3,18,16,69,300,118,19165,970
10455,"Bronx",2,16,109,1,7,28,37,11,19,13,8,9,7,48,257,120,20284,1140
10456,"Bronx",14,28,229,8,6,21,61,20,18,18,17,13,20,72,327,103,19261,2540
10457,"Bronx",12,25,217,3,15,34,41,36,25,16,21,20,13,50,308,130,19279,1910
10458,"Bronx",9,37,341,6,20,37,36,33,16,34,17,22,22,77,446,194,20384,1970
10459,"Bronx",6,31,145,1,17,18,28,35,19,13,7,11,21,47,244,101,20689,1390
10460,"Bronx",5,24,180,5,7,34,55,13,32,10,12,11,10,89,519,204,20235,1590
10461,"Bronx",7,103,60,1,11,96,110,10,37,18,11,29,41,35,242,98,37438,1290
10462,"Bronx",10,44,156,6,13,83,104,10,16,23,18,32,36,20,130,31,31841,2130
10463,"Bronx",644,106,184,5,12,199,55,24,44,13,23,41,33,12,103,42,38138,1860
10464,"Bronx",0,57,10,1,2,21,37,0,8,1,3,4,11,3,30,8,57895,130
10465,"Bronx",3,52,63,6,4,116,115,15,43,3,1,46,40,32,108,45,44034,1260
10466,"Bronx",2,37,176,2,5,74,136,5,43,9,21,28,42,25,105,61,27331,1860
10467,"Bronx",11,36,306,6,38,111,137,53,24,16,19,25,50,43,234,97,23785,2470
10468,"Bronx",5,20,318,6,5,42,58,32,27,16,19,25,26,20,164,60,20703,2020
10469,"Bronx",7,66,95,7,5,66,113,10,45,19,13,18,55,41,191,91,31295,1730
10470,"Bronx",1,9,22,1,6,30,54,7,11,2,3,10,15,3,12,9,35349,400
10471,"Bronx",3,20,13,9,3,40,21,1,14,6,3,14,17,6,23,5,63622,370
10472,"Bronx",12,31,131,3,8,32,60,15,24,15,13,21,16,45,208,94,21217,1640
10473,"Bronx",4,24,78,4,1,32,71,8,23,19,13,19,19,56,297,112,27374,1830
10474,"Bronx",1,10,47,0,1,12,13,5,10,2,1,4,5,44,197,70,20302,330
10475,"Bronx",5,14,10,1,0,54,46,0,27,11,5,12,4,9,38,15,39616,980
11004,"Queens",0,9,9,2,2,15,10,0,13,2,2,19,6,0,0,0,50350,260
11101,"Queens",6,50,91,24,29,106,138,15,45,25,2,33,28,48,199,125,40503,860
11102,"Queens",5,33,60,8,21,51,97,14,27,10,5,22,24,11,44,33,35744,1020
11103,"Queens",9,29,46,3,76,49,101,8,21,23,5,33,23,7,17,10,37657,1070
11104,"Queens",9,14,45,4,11,31,26,4,46,8,9,19,16,21,87,34,37677,800
11105,"Queens",2,48,48,4,6,75,67,8,21,13,8,39,35,12,33,22,40599,1110
11106,"Queens",6,28,63,7,47,25,65,8,21,12,10,14,21,20,62,28,37636,1190
11109,"Queens",0,1,0,1,6,2,5,0,0,1,0,0,1,0,3,2,114286,130
11201,"Brooklyn",31,67,90,125,30,142,96,29,54,52,6,42,25,44,205,103,79339,1310
11203,"Brooklyn",15,122,108,5,8,116,138,15,70,15,14,31,46,71,285,164,28722,2230
11204,"Brooklyn",10,58,84,12,5,71,160,17,41,12,10,32,31,28,111,61,24142,1450
11205,"Brooklyn",10,47,75,22,69,63,100,26,62,7,7,16,34,22,118,74,34790,970
11206,"Brooklyn",16,79,220,37,114,45,103,42,45,29,7,20,32,12,48,22,23995,2140
11207,"Brooklyn",10,89,197,5,21,131,120,16,51,23,10,30,44,142,543,329,22369,2720
11208,"Brooklyn",12,128,133,9,10,99,165,47,65,14,11,32,35,46,195,136,21726,2650
11209,"Brooklyn",15,71,91,18,36,116,154,14,36,16,12,31,45,24,128,58,45591,1520
11210,"Brooklyn",7,60,89,12,4,100,107,5,39,14,8,30,28,13,75,24,32819,1660
11211,"Brooklyn",39,100,125,55,87,143,63,88,38,34,6,28,45,48,262,171,39800,1450
11212,"Brooklyn",8,57,189,3,6,61,72,14,34,22,13,19,24,19,46,25,22186,2590
11213,"Brooklyn",4,70,151,5,11,30,68,20,27,12,14,12,23,6,16,7,24931,1790
11214,"Brooklyn",13,107,58,7,5,100,176,8,58,13,24,54,82,54,170,81,26170,1900
11215,"Brooklyn",14,120,87,35,37,111,116,16,29,24,9,53,81,35,131,80,67768,1620
11216,"Brooklyn",8,97,206,14,65,35,56,38,38,14,10,16,59,89,400,208,32457,1680
11217,"Brooklyn",12,45,61,45,50,74,80,19,36,33,7,14,36,30,173,79,59625,920
11218,"Brooklyn",10,63,58,16,28,80,125,13,22,12,18,32,62,5,21,12,31339,1430
11219,"Brooklyn",9,54,45,4,9,89,123,13,40,1,6,30,29,5,29,14,19920,1010
11220,"Brooklyn",15,104,109,19,22,112,131,20,39,31,18,43,56,33,220,101,17992,1470
11221,"Brooklyn",24,81,193,6,39,52,80,45,43,16,15,33,86,94,348,221,24854,2240
11222,"Brooklyn",28,66,65,14,30,95,66,29,17,15,7,17,34,6,52,39,45713,1490
11223,"Brooklyn",4,56,67,2,24,71,205,6,60,26,7,40,41,31,155,82,26143,1510
11224,"Brooklyn",6,19,58,2,2,48,19,2,22,11,11,23,10,38,213,109,24501,1130
11225,"Brooklyn",13,63,155,12,15,55,60,22,31,16,21,16,29,34,78,57,30300,1840
11226,"Brooklyn",21,73,324,12,143,84,140,39,67,30,32,25,38,68,256,167,25135,3320
11228,"Brooklyn",5,39,31,2,6,67,82,5,38,5,3,18,22,15,87,70,34935,910
11229,"Brooklyn",13,81,106,10,5,123,140,12,53,19,14,41,73,37,150,104,34534,1670
11230,"Brooklyn",14,94,119,10,14,104,190,23,50,13,16,33,129,20,98,62,30873,1470
11231,"Brooklyn",18,53,56,27,20,75,59,15,40,24,4,27,76,20,137,76,58125,970
11232,"Brooklyn",5,46,56,3,24,58,58,14,35,19,4,10,45,28,103,69,23730,520
11233,"Brooklyn",20,96,127,9,13,51,50,29,50,10,13,28,29,193,705,362,26001,1980
11234,"Brooklyn",15,77,117,5,28,162,204,8,86,22,11,53,124,83,282,225,40849,2320
11235,"Brooklyn",16,65,94,14,7,110,129,8,84,21,25,49,103,26,112,82,31305,1630
11236,"Brooklyn",11,84,71,1,3,89,130,8,105,22,13,24,147,58,172,101,31134,3020
11237,"Brooklyn",12,28,134,23,31,35,62,50,27,7,5,18,17,1,1,1,24602,1250
11238,"Brooklyn",28,60,177,25,52,49,70,46,36,14,18,20,39,29,139,96,48155,1650
11239,"Brooklyn",2,2,18,0,0,13,1,0,2,2,4,2,4,3,56,16,32091,390
11249,"Brooklyn",23,36,72,30,58,50,45,35,18,14,0,18,18,22,159,119,NA,NA
11251,"Brooklyn",0,0,0,0,0,0,1,0,0,0,0,0,0,0,0,0,NA,NA
11354,"Queens",12,36,51,7,2,87,67,9,43,24,3,54,41,19,54,39,21044,910
11355,"Queens",11,60,53,13,16,58,114,5,30,17,17,61,26,33,193,112,18164,1120
11356,"Queens",15,50,34,4,5,58,82,24,29,7,5,15,16,12,42,25,27203,610
11357,"Queens",8,50,29,6,1,103,60,8,64,5,3,37,84,13,18,16,50405,890
11358,"Queens",7,49,17,4,5,85,107,2,40,4,4,32,66,2,24,15,34673,670
11359,"Queens",0,1,0,0,0,0,0,0,0,0,0,0,0,0,0,0,NA,NA
11360,"Queens",1,10,9,4,1,27,16,3,18,1,2,27,21,3,11,10,62158,380
11361,"Queens",1,33,15,2,5,81,44,2,28,7,1,33,48,8,48,44,42554,560
11362,"Queens",2,20,2,13,1,122,17,2,23,3,1,36,26,2,14,10,53862,330
11363,"Queens",2,10,2,2,0,16,14,0,41,2,3,7,9,0,2,1,60465,100
11364,"Queens",5,30,15,1,0,47,27,0,30,6,5,28,34,5,9,20,45846,660
11365,"Queens",3,44,54,2,1,78,75,3,75,1,9,24,40,13,53,28,36143,1090
11366,"Queens",3,23,11,2,0,38,36,2,53,3,0,14,19,7,26,10,41797,240
11367,"Queens",5,38,48,3,6,55,40,1,11,10,2,30,27,5,29,13,34670,770
11368,"Queens",3,49,108,0,18,58,178,14,43,11,12,69,51,35,189,111,20607,1850
11369,"Queens",2,27,66,2,1,32,113,3,12,22,5,24,13,7,55,24,23846,840
11370,"Queens",0,20,23,0,2,42,63,4,24,8,2,21,26,4,59,54,27303,540
11371,"Queens",0,0,0,0,0,1,1,0,0,2,0,0,0,2,22,10,NA,NA
11372,"Queens",10,26,129,5,36,64,67,24,22,26,20,33,40,24,154,70,25907,1510
11373,"Queens",5,66,128,6,6,61,115,7,29,29,16,55,19,31,270,116,22001,1720
11374,"Queens",14,18,72,15,3,97,100,4,16,8,10,25,48,14,47,18,41258,1020
11375,"Queens",20,47,62,11,6,124,81,5,51,18,24,79,65,18,72,39,59592,1540
11377,"Queens",10,107,109,16,20,104,170,16,35,22,12,44,40,46,166,84,25912,1940
11378,"Queens",4,35,38,6,4,93,117,3,58,7,4,36,41,14,46,18,36506,1040
11379,"Queens",4,29,31,4,0,49,89,5,41,8,1,31,54,18,116,37,46604,980
11385,"Queens",2,94,110,13,31,132,236,19,57,20,9,63,97,43,197,120,30885,2880
11411,"Queens",3,16,6,0,4,18,24,18,27,2,2,9,29,10,25,18,38599,570
11412,"Queens",4,33,33,0,5,48,39,13,52,6,3,16,41,10,36,32,32419,1050
11413,"Queens",4,33,22,2,3,49,37,6,68,5,0,21,48,5,21,16,35461,1110
11414,"Queens",6,40,22,0,4,62,36,1,58,4,9,26,131,21,80,32,49081,780
11415,"Queens",2,12,58,3,13,30,32,4,29,3,10,6,13,6,16,12,45327,460
11416,"Queens",1,17,39,1,7,21,78,5,13,6,0,27,36,29,119,64,24104,710
11417,"Queens",1,29,31,1,12,37,77,6,20,3,2,31,40,6,13,11,29508,930
11418,"Queens",5,29,39,4,13,38,102,13,56,8,7,27,40,18,74,56,27102,930
11419,"Queens",12,40,129,7,10,52,142,32,66,15,5,52,36,38,134,73,23527,1050
11420,"Queens",8,26,55,0,5,57,118,11,62,17,6,44,71,18,71,49,29318,1130
11421,"Queens",2,16,69,3,12,47,128,7,28,7,4,22,46,16,54,30,27144,1190
11422,"Queens",3,32,15,2,4,33,29,4,53,5,5,14,36,20,56,45,36361,870
11423,"Queens",5,35,41,2,17,42,56,7,21,4,8,22,21,19,32,30,31312,780
11426,"Queens",0,17,12,2,2,46,15,0,20,1,1,19,23,11,18,26,43238,360
11427,"Queens",2,16,19,1,0,35,25,1,15,3,4,16,16,4,23,12,39305,510
11428,"Queens",0,14,35,0,4,18,24,16,43,3,1,10,18,10,20,25,33907,530
11429,"Queens",6,16,45,1,4,21,41,2,28,5,6,22,26,21,55,38,31918,690
11430,"Queens",0,2,0,0,0,7,2,0,1,27,0,3,1,4,18,16,40625,0
11432,"Queens",16,65,57,3,12,89,68,8,37,36,20,41,41,17,80,27,25019,1160
11433,"Queens",2,59,60,0,6,59,61,3,47,12,6,16,27,55,222,149,24135,890
11434,"Queens",7,69,54,6,4,58,74,16,71,21,9,43,46,54,207,170,32680,1690
11435,"Queens",5,39,64,16,21,71,66,3,39,25,12,21,40,26,116,70,27898,1300
11436,"Queens",3,29,18,1,1,16,35,0,26,6,3,14,20,3,21,15,29488,470
11451,"Queens",0,0,0,0,0,0,0,0,0,0,0,0,0,0,1,0,NA,NA
11691,"Queens",2,37,96,5,2,34,51,6,91,8,7,26,30,52,136,92,24391,1310
11692,"Queens",5,10,24,3,1,9,15,3,26,0,0,16,13,13,46,35,25673,510
11693,"Queens",1,7,27,4,1,25,19,2,23,1,0,6,18,13,33,17,34300,370
11694,"Queens",4,21,15,3,1,29,10,1,35,2,1,19,93,21,33,17,50217,470
11697,"Queens",1,1,0,0,0,1,1,0,0,1,0,8,1,0,7,6,68981,90
99999,"99999",0,28,0,1,0,241,3,0,15,4,1358,1170,4,64,985,481,NA,NA
